ARIMA_Forecast_RMSE,ARIMA_Forecast_MAE,ARIMA_Forecast_MAPE,Prophet_Forecast_RMSE,Prophet_Forecast_MAE,Prophet_Forecast_MAPE,SARIMA_Forecast_RMSE,SARIMA_Forecast_MAE,SARIMA_Forecast_MAPE,Ensemble_Forecast_RMSE,Ensemble_Forecast_MAE,Ensemble_Forecast_MAPE
24.144177756087114,22.467177427241246,17.24338445305741,41.7655510436577,40.33211258025489,31.262631476890583,20.88861271248502,19.488854411962414,14.969548537078945,28.862912616730117,27.395444441008948,21.125720389656927
