ARIMA_Forecast_RMSE,ARIMA_Forecast_MAE,ARIMA_Forecast_MAPE,Prophet_Forecast_RMSE,Prophet_Forecast_MAE,Prophet_Forecast_MAPE,SARIMA_Forecast_RMSE,SARIMA_Forecast_MAE,SARIMA_Forecast_MAPE,Ensemble_Forecast_RMSE,Ensemble_Forecast_MAE,Ensemble_Forecast_MAPE
11.044450760510445,8.467551725814008,5.7420052729189655,39.761611671726705,38.239303565583114,26.693812573196656,8.071638369848312,5.981293172469088,4.077092522533562,18.44298286484293,16.178521607659906,11.11481566974818
